1;time;
2;year;
3;people;
4;way;
5;day;
6;thing;
7;information;
8;work;
9;business;
10;service;
11;life;
12;company;
13;site;
14;world;
15;part;
16;system;
17;student;
18;child;
19;program;
20;number;
21;place;
22;lot;
23;week;
24;something;
25;family;
26;page;
27;home;
28;book;
29;case;
30;group;
31;problem;
32;product;
33;school;
34;community;
35;area;
36;member;
37;website;
38;experience;
39;issue;
40;project;
41;state;
42;user;
43;month;
44;question;
45;woman;
46;point;
47;game;
48;course;
49;country;
50;government;
51;idea;
52;event;
53;process;
54;name;
55;use;
56;result;
57;man;
58;example;
59;money;
60;datum;
61;change;
62;today;
63;research;
64;job;
65;New;
66;customer;
67;post;
68;team;
69;right;
70;level;
71;friend;
72;blog;
73;order;
74;person;
75;fact;
76;term;
77;health;
78;content;
79;law;
80;type;
81;market;
82;other;
83;end;
84;Google;
85;word;
86;policy;
87;development;
88;value;
89;university;
90;food;
91;medium;
92;article;
93;power;
94;hour;
95;support;
96;line;
97;technology;
98;need;
99;list;
100;search;
101;opportunity;
102;cost;
103;water;
104;link;
105;form;
106;reason;
107;study;
108;application;
109;report;
110;tool;
111;hand;
112;activity;
113;design;
114;interest;
115;plan;
116;action;
117;history;
118;industry;
119;organization;
120;bit;
121;option;
122;client;
123;story;
124;someone;
125;class;
126;price;
127;side;
128;kind;
129;rate;
130;source;
131;quality;
132;web;
133;education;
134;U.S.;
135;practice;
136;comment;
137;city;
138;care;
139;car;
140;party;
141;file;
142;image;
143;marketing;
144;body;
145;Internet;
146;benefit;
147;resource;
148;effort;
149;email;
150;card;
151;sale;
152;video;
153;room;
154;United;
155;access;
156;solution;
157;step;
158;anything;
159;minute;
160;account;
161;decision;
162;network;
163;house;
164;view;
165;version;
166;everything;
167;amount;
168;management;
169;night;
170;model;
171;space;
172;goal;
173;feature;
174;effect;
175;role;
176;field;
177;material;
178;credit;
179;everyone;
180;software;
181;training;
182;office;
183;mind;
184;National;
185;age;
186;news;
187;i;
188;phone;
189;York;
190;skill;
191;parent;
192;individual;
193;relationship;
194;control;
195;computer;
196;risk;
197;employee;
198;show;
199;music;
200;energy;