1;good
2;other
3;more
4;new
5;many
6;first
7;great
8;such
9;own
10;few
11;same
12;high
13;last
14;most
15;different
16;small
17;large
18;important
19;next
20;big
21;little
22;old
23;social
24;able
25;available
26;online
27;free
28;long
29;easy
30;local
31;much
32;several
33;full
34;real
35;sure
36;public
37;possible
38;least
39;bad
40;personal
41;low
42;late
43;young
44;hard
45;current
46;only
47;right
48;second
49;early
50;special
51;simple
52;major
53;human
54;short
55;strong
56;true
57;open
58;whole
59;less
60;financial
61;common
62;due
63;top
64;past
65;various
66;certain
67;recent
68;single
69;political
70;clear
71;specific
72;main
73;particular
74;happy
75;similar
76;natural
77;interesting
78;national
79;American
80;private
81;international
82;difficult
83;effective
84;unique
85;professional
86;perfect
87;economic
88;additional
89;key
90;mobile
91;original
92;nice
93;medical
94;third
95;entire
96;likely
97;necessary
98;global
99;general
100;popular
101;successful
102;beautiful
103;wrong
104;significant
105;legal
106;enough
107;final
108;healthy
109;white
110;ready
111;huge
112;interested
113;wide
114;former
115;safe
116;close
117;traditional
118;amazing
119;future
120;individual
121;physical
122;basic
123;complete
124;positive
125;black
126;federal
127;digital
128;deep
129;potential
130;useful
131;regular
132;hot
133;further
134;previous
135;serious
136;multiple
137;extra
138;excellent
139;poor
140;responsible
141;wonderful
142;quick
143;modern
144;daily
145;active
146;critical
147;favorite
148;annual
149;powerful
150;total
151;creative
152;appropriate
153;green
154;worth
155;normal
156;actual
157;fresh
158;fine
159;direct
160;present
161;cheap
162;military
163;rich
164;primary
165;relevant
166;essential
167;environmental
168;aware
169;fast
170;cool
171;corporate
172;red
173;technical
174;overall
175;light
176;live
177;independent
178;commercial
179;complex
180;average
181;cultural
182;dark
183;startling
184;foreign
185;standard
186;educational
187;awesome
188;expensive
189;numerous
190;clean
191;proper
192;cold
193;academic
194;heavy
195;mental
196;initial
197;central
198;video
199;negative
200;exciting
